{"cameraMode":{"drawMode":0,"name":"Shaded","section":"Shading Mode"},"sceneLighting":false,"audioPlay":false,"sceneViewState":{"m_AlwaysRefresh":false,"showFog":true,"showSkybox":false,"showFlares":true,"showImageEffects":true,"showParticleSystems":true,"showVisualEffectGraphs":true,"m_FxEnabled":true},"in2DMode":false,"pivot":{"x":0.0460888147354126,"y":0.47683975100517275,"z":1.4891979694366456},"rotation":{"x":0.002579721389338374,"y":-0.9973819255828857,"z":0.055721547454595569,"w":0.04620339721441269},"size":0.8469517230987549,"orthographic":false}